prompt_index,query,method,constraints,num_results,runtime_sec,parse_error,top_names,top1_name,top1_price,top1_type
1,I want a men's waterproof winter jacket under 1500 dollars for commuting to work in cold weather.,baseline,"{""product_type"": ""jacket"", ""gender"": ""men"", ""price_max"": 1500}",5,0.027,,Canada Goose Men's Lodge Jacket - Updated | Canada Goose Men's Lodge Jacket Black Label | Canada Goose Men's Nanaimo Jacket | Canada Goose Men's Rupert Rain Jacket Black Label | Canada Goose Men's Crofton Jacket,Canada Goose Men's Lodge Jacket - Updated,825.0,jacket
2,I want a women's down parka under 1800 dollars for extremely cold winter temperatures.,baseline,"{""length"": ""long"", ""insulation"": ""down"", ""product_type"": ""parka"", ""gender"": ""men"", ""price_max"": 1800}",5,0.024,,Canada Goose Women's Lorette Parka Notched Brim | Canada Goose Men's Carson Parka | Canada Goose Men's Chateau Parka Black Label Heritage | Canada Goose Women's Lorette Parka | Canada Goose Women's Lorette Parka Heritage,Canada Goose Women's Lorette Parka Notched Brim,1195.0,parka
3,I want a men's rain jacket under 700 dollars that is waterproof and windproof for biking to school.,baseline,"{""product_type"": ""jacket"", ""gender"": ""men"", ""price_max"": 700}",5,0.02,,Canada Goose Men's Nanaimo Jacket | Canada Goose Women's Kenora Jacket | Canada Goose Women's Salida Jacket | Canada Goose Men's Hybridge Knit Vest Black Label | Canada Goose Men's Hybridge Knit Vest,Canada Goose Men's Nanaimo Jacket,575.0,jacket
4,I want a women's lightweight winter jacket under 900 dollars for everyday city use.,baseline,"{""warmth_level"": ""low"", ""use_case"": ""everyday"", ""product_type"": ""jacket"", ""gender"": ""men"", ""price_max"": 900}",5,0.021,,Canada Goose Women's Cypress Jacket | Canada Goose Women's Salida Jacket | Canada Goose Men's Lockeport Jacket | Canada Goose Women's Davie Jacket | Canada Goose Men's Nanaimo Jacket,Canada Goose Women's Cypress Jacket,895.0,jacket
5,I want a men's warm down jacket under 1200 dollars for winter travel in cold countries.,baseline,"{""warmth_level"": ""medium"", ""insulation"": ""down"", ""use_case"": ""travel"", ""product_type"": ""jacket"", ""gender"": ""men"", ""price_max"": 1200}",5,0.026,,Canada Goose Men's Crofton Jacket | Canada Goose Men's Crofton Hoody | Canada Goose Men's Crofton Hoody Black Label | Canada Goose Women's Cypress Jacket | Canada Goose Women's Ellison Jacket,Canada Goose Men's Crofton Jacket,895.0,jacket
6,I want a women's waterproof coat under 1100 dollars for rainy weather commuting.,baseline,"{""gender"": ""men"", ""price_max"": 1100}",5,0.025,,Canada Goose Women's Clair Coat - Updated | Canada Goose Women's Alliston Coat | Canada Goose Men's Nanaimo Jacket | Canada Goose Women's Freestyle Vest | Canada Goose Women's Hybridge Knit Jacket,Canada Goose Women's Clair Coat - Updated,1050.0,jacket
7,I want a men's snow parka under 2000 dollars that is windproof for skiing trips.,baseline,"{""length"": ""long"", ""use_case"": ""travel"", ""product_type"": ""parka"", ""gender"": ""men"", ""price_max"": 2000}",5,0.025,,Canada Goose Men's Crofton Jacket | Canada Goose Men's Crofton Jacket Black Label | Canada Goose Men's Crofton Hoody | Canada Goose Men's Crofton Hoody Black Label | Canada Goose Women's Cypress Hooded Jacket Black Label,Canada Goose Men's Crofton Jacket,895.0,jacket
8,I want a women's winter jacket under 1000 dollars that is warm for daily commuting.,baseline,"{""warmth_level"": ""medium"", ""use_case"": ""everyday"", ""product_type"": ""jacket"", ""gender"": ""men"", ""price_max"": 1000}",5,0.025,,Canada Goose Women's Salida Jacket | Canada Goose Women's Cypress Jacket | Canada Goose Women's Davie Jacket | Canada Goose Men's Nanaimo Jacket | Canada Goose Men's Lockeport Jacket,Canada Goose Women's Salida Jacket,650.0,jacket
9,I want a men's waterproof shell jacket under 600 dollars for heavy rain.,baseline,"{""product_type"": ""jacket"", ""gender"": ""men"", ""price_max"": 600}",5,0.025,,Canada Goose Men's Nanaimo Jacket | Canada Goose Men's Hybridge Knit Vest Black Label | Canada Goose Men's Hybridge Knit Vest | Canada Goose Women's Davie Jacket | Canada Goose Women's Minden Jacket,Canada Goose Men's Nanaimo Jacket,575.0,jacket
10,I want a women's down winter coat under 1600 dollars for very cold climates.,baseline,"{""insulation"": ""down"", ""gender"": ""men"", ""price_max"": 1600}",5,0.026,,Canada Goose Women's Alliston Coat | Canada Goose Men's Lodge Jacket - Updated | Canada Goose Women's Marlow Coat | Canada Goose Women's Shelburne Parka Black Label - Updated | Canada Goose Women's Shelburne Parka Tonal Label,Canada Goose Women's Alliston Coat,1095.0,jacket
11,I want a men's everyday winter jacket under 900 dollars that is windproof.,baseline,"{""use_case"": ""everyday"", ""product_type"": ""jacket"", ""gender"": ""men"", ""price_max"": 900}",5,0.022,,Canada Goose Women's Cypress Jacket | Canada Goose Women's Davie Jacket | Canada Goose Men's Lockeport Jacket | Canada Goose Men's Woolford Jacket | Canada Goose Men's Nanaimo Jacket,Canada Goose Women's Cypress Jacket,895.0,jacket
12,I want a women's travel jacket under 1300 dollars that is warm and lightweight.,baseline,"{""warmth_level"": ""low"", ""use_case"": ""travel"", ""product_type"": ""jacket"", ""gender"": ""men"", ""price_max"": 1300}",5,0.025,,Canada Goose Women's Cypress Jacket | Canada Goose Men's Crofton Jacket | Canada Goose Men's Crofton Jacket Black Label | Canada Goose Men's Crofton Hoody | Canada Goose Women's Ellison Jacket,Canada Goose Women's Cypress Jacket,895.0,jacket
13,I want a men's winter parka under 1800 dollars for snowy mountain trips.,baseline,"{""length"": ""long"", ""use_case"": ""travel"", ""product_type"": ""parka"", ""gender"": ""men"", ""price_max"": 1800}",5,0.027,,Canada Goose Men's Crofton Jacket Black Label | Canada Goose Men's Crofton Jacket | Canada Goose Men's Crofton Hoody | Canada Goose Men's Crofton Hoody Black Label | Canada Goose Women's Cypress Hooded Jacket Black Label,Canada Goose Men's Crofton Jacket Black Label,895.0,jacket
14,I want a women's waterproof winter jacket under 1000 dollars for rainy winters.,baseline,"{""product_type"": ""jacket"", ""gender"": ""men"", ""price_max"": 1000}",5,0.022,,Canada Goose Men's Nanaimo Jacket | Canada Goose Men's Rupert Rain Jacket Black Label | Canada Goose Men's Lodge Jacket - Updated | Canada Goose Men's Lodge Jacket Black Label | Canada Goose Women's Davie Jacket,Canada Goose Men's Nanaimo Jacket,575.0,jacket
15,I want a men's insulated jacket under 1200 dollars for everyday winter use.,baseline,"{""use_case"": ""everyday"", ""product_type"": ""jacket"", ""gender"": ""men"", ""price_max"": 1200}",5,0.022,,Canada Goose Women's Cypress Jacket | Canada Goose Men's Crofton Puffer | Canada Goose Women's Cypress Hooded Jacket Black Label | Canada Goose Women's Cypress Hooded Jacket | Canada Goose Men's Lockeport Jacket,Canada Goose Women's Cypress Jacket,895.0,jacket
16,I want a women's warm coat under 1500 dollars for commuting to work.,baseline,"{""warmth_level"": ""medium"", ""gender"": ""men"", ""price_max"": 1500}",5,0.025,,Canada Goose Women's Shelburne Parka Black Label | Canada Goose Women's Shelburne Parka | Canada Goose Women's Clair Coat - Updated | Canada Goose Women's Marlow Coat | Canada Goose Women's Alliston Coat,Canada Goose Women's Shelburne Parka Black Label,1475.0,parka
17,I want a men's rainproof jacket under 700 dollars for daily cycling.,baseline,"{""use_case"": ""everyday"", ""product_type"": ""jacket"", ""gender"": ""men"", ""price_max"": 700}",5,0.02,,Canada Goose Women's Salida Jacket | Canada Goose Men's Nanaimo Jacket | Canada Goose Men's Lockeport Jacket | Canada Goose Women's Davie Jacket | Canada Goose Men's Hybridge Knit Vest Black Label,Canada Goose Women's Salida Jacket,650.0,jacket
18,I want a women's down jacket under 900 dollars for casual winter wear.,baseline,"{""insulation"": ""down"", ""use_case"": ""everyday"", ""product_type"": ""jacket"", ""gender"": ""men"", ""price_max"": 900}",5,0.021,,Canada Goose Women's Cypress Jacket | Canada Goose Women's Salida Jacket | Canada Goose Men's Nanaimo Jacket | Canada Goose Men's Lodge Jacket - Updated | Canada Goose Men's Lodge Jacket Black Label,Canada Goose Women's Cypress Jacket,895.0,jacket
19,I want a men's windproof winter coat under 1400 dollars for city commuting.,baseline,"{""gender"": ""men"", ""price_max"": 1400}",5,0.023,,Canada Goose Men's Lodge Jacket - Updated | Canada Goose Men's Lodge Jacket Black Label | Canada Goose Men's Garson Vest Wool | Canada Goose Women's Cypress Jacket | Canada Goose Men's Lodge Hoody,Canada Goose Men's Lodge Jacket - Updated,825.0,jacket
20,I want a women's warm parka under 2000 dollars for extremely cold winters.,baseline,"{""warmth_level"": ""medium"", ""length"": ""long"", ""product_type"": ""parka"", ""gender"": ""men"", ""price_max"": 2000}",5,0.026,,Canada Goose Women's Shelburne Parka | Canada Goose Women's Shelburne Parka Black Label | Canada Goose Women's Shelburne Parka Heritage | Canada Goose Women's Lorette Parka Notched Brim | Canada Goose Men's Carson Parka,Canada Goose Women's Shelburne Parka,1475.0,parka
21,I want a men's waterproof winter coat under 1600 dollars for snowy weather.,baseline,"{""gender"": ""men"", ""price_max"": 1600}",5,0.024,,Canada Goose Men's Lodge Jacket Black Label | Canada Goose Men's Rupert Rain Jacket Black Label | Canada Goose Men's Nanaimo Jacket | Canada Goose Men's Garson Vest Black Label | Canada Goose Men's Garson Vest Black Label CR,Canada Goose Men's Lodge Jacket Black Label,825.0,jacket
22,I want a women's insulated jacket under 1100 dollars for everyday winter activities.,baseline,"{""use_case"": ""everyday"", ""product_type"": ""jacket"", ""gender"": ""men"", ""price_max"": 1100}",5,0.025,,Canada Goose Women's Cypress Jacket | Canada Goose Women's Davie Jacket | Canada Goose Men's Lockeport Jacket | Canada Goose Women's Cypress Hooded Jacket Black Label | Canada Goose Women's Cypress Hooded Jacket,Canada Goose Women's Cypress Jacket,895.0,jacket
23,I want a men's winter travel jacket under 1300 dollars that is warm and windproof.,baseline,"{""warmth_level"": ""medium"", ""use_case"": ""travel"", ""product_type"": ""jacket"", ""gender"": ""men"", ""price_max"": 1300}",5,0.028,,Canada Goose Men's Crofton Jacket | Canada Goose Men's Crofton Jacket Black Label | Canada Goose Men's Crofton Puffer | Canada Goose Men's Crofton Hoody | Canada Goose Men's Crofton Hoody Black Label,Canada Goose Men's Crofton Jacket,895.0,jacket
24,I want a women's rain jacket under 800 dollars for commuting in rainy weather.,baseline,"{""product_type"": ""jacket"", ""gender"": ""men"", ""price_max"": 800}",5,0.022,,Canada Goose Women's Salida Jacket | Canada Goose Men's Rupert Rain Jacket Black Label | Canada Goose Women's Kenora Jacket | Canada Goose Men's Nanaimo Jacket | Canada Goose Women's Hybridge Knit Jacket,Canada Goose Women's Salida Jacket,650.0,jacket
25,I want a men's warm winter jacket under 1500 dollars for daily outdoor use.,baseline,"{""warmth_level"": ""medium"", ""use_case"": ""hiking"", ""product_type"": ""jacket"", ""gender"": ""men"", ""price_max"": 1500}",5,0.028,,Canada Goose Women's Cypress Jacket | Canada Goose Men's Woolford Jacket | Canada Goose Women's Cypress Hooded Jacket Black Label | Canada Goose Women's Cypress Hooded Jacket | Canada Goose Men's Crofton Jacket,Canada Goose Women's Cypress Jacket,895.0,jacket
26,I want a women's down parka under 1900 dollars for cold mountain trips.,baseline,"{""length"": ""long"", ""insulation"": ""down"", ""use_case"": ""travel"", ""product_type"": ""parka"", ""gender"": ""men"", ""price_max"": 1900}",5,0.0289,,Canada Goose Men's Crofton Jacket | Canada Goose Men's Crofton Hoody | Canada Goose Men's Crofton Hoody Black Label | Canada Goose Women's Cypress Hooded Jacket Black Label | Canada Goose Women's Cypress Hooded Jacket,Canada Goose Men's Crofton Jacket,895.0,jacket
27,I want a men's waterproof coat under 1000 dollars for heavy rain commuting.,baseline,"{""gender"": ""men"", ""price_max"": 1000}",5,0.024,,Canada Goose Men's Rupert Rain Jacket Black Label | Canada Goose Men's Nanaimo Jacket | Canada Goose Men's Crofton Jacket | Canada Goose Men's Crofton Jacket Black Label | Canada Goose Men's Crofton Hoody,Canada Goose Men's Rupert Rain Jacket Black Label,750.0,jacket
28,I want a women's winter coat under 1200 dollars that is stylish and warm.,baseline,"{""warmth_level"": ""medium"", ""gender"": ""men"", ""price_max"": 1200}",5,0.027,,Canada Goose Women's Clair Coat - Updated | Canada Goose Women's Alliston Coat | Canada Goose Men's Lodge Jacket Black Label | Canada Goose Men's Lodge Jacket - Updated | Canada Goose Women's Cypress Vest Black Label,Canada Goose Women's Clair Coat - Updated,1050.0,jacket
29,I want a men's down jacket under 1100 dollars for travel in cold regions.,baseline,"{""insulation"": ""down"", ""use_case"": ""travel"", ""product_type"": ""jacket"", ""gender"": ""men"", ""price_max"": 1100}",5,0.025,,Canada Goose Men's Crofton Jacket | Canada Goose Men's Crofton Hoody | Canada Goose Men's Crofton Hoody Black Label | Canada Goose Women's Alliston Coat | Canada Goose Women's Cypress Jacket,Canada Goose Men's Crofton Jacket,895.0,jacket
30,I want a women's windproof winter jacket under 900 dollars for everyday use.,baseline,"{""use_case"": ""everyday"", ""product_type"": ""jacket"", ""gender"": ""men"", ""price_max"": 900}",5,0.022,,Canada Goose Women's Cypress Jacket | Canada Goose Women's Davie Jacket | Canada Goose Men's Lockeport Jacket | Canada Goose Women's Salida Jacket | Canada Goose Men's Nanaimo Jacket,Canada Goose Women's Cypress Jacket,895.0,jacket
31,I want a men's snow jacket under 1700 dollars for winter sports.,baseline,"{""product_type"": ""jacket"", ""gender"": ""men"", ""price_max"": 1700}",5,0.023,,Canada Goose Men's Lodge Jacket - Updated | Canada Goose Women's Cypress Hoody | Canada Goose Men's Lodge Jacket Black Label | Canada Goose Men's Crofton Puffer | Canada Goose Men's Hybridge Knit Vest Black Label,Canada Goose Men's Lodge Jacket - Updated,825.0,jacket
32,I want a women's waterproof jacket under 1000 dollars for rainy city weather.,baseline,"{""product_type"": ""jacket"", ""gender"": ""men"", ""price_max"": 1000}",5,0.025,,Canada Goose Women's Cypress Jacket | Canada Goose Men's Nanaimo Jacket | Canada Goose Men's Rupert Rain Jacket Black Label | Canada Goose Women's Hybridge Knit Jacket | Canada Goose Women's Salida Jacket,Canada Goose Women's Cypress Jacket,895.0,jacket
33,I want a men's warm parka under 2000 dollars for harsh winter climates.,baseline,"{""warmth_level"": ""medium"", ""length"": ""long"", ""product_type"": ""parka"", ""gender"": ""men"", ""price_max"": 2000}",5,0.026,,Canada Goose Women's Shelburne Parka Heritage | Canada Goose Women's Shelburne Parka Black Label | Canada Goose Women's Shelburne Parka | Canada Goose Men's Carson Parka | Canada Goose Men's Carson Parka Heritage,Canada Goose Women's Shelburne Parka Heritage,1775.0,parka
34,I want a women's insulated coat under 1400 dollars for commuting to the office.,baseline,"{""gender"": ""men"", ""price_max"": 1400}",5,0.03,,Canada Goose Women's Clair Coat - Updated | Canada Goose Women's Marlow Coat | Canada Goose Women's Alliston Coat | Canada Goose Women's Freestyle Vest Black Label | Canada Goose Men's Hybridge Knit Vest,Canada Goose Women's Clair Coat - Updated,1050.0,jacket
35,I want a men's winter jacket under 1000 dollars that is durable for daily wear.,baseline,"{""use_case"": ""everyday"", ""product_type"": ""jacket"", ""gender"": ""men"", ""price_max"": 1000}",5,0.025,,Canada Goose Women's Salida Jacket | Canada Goose Men's Nanaimo Jacket | Canada Goose Women's Cypress Jacket | Canada Goose Men's Lockeport Jacket | Canada Goose Men's Woolford Jacket,Canada Goose Women's Salida Jacket,650.0,jacket
36,I want a women's down coat under 1500 dollars for snowy winter trips.,baseline,"{""insulation"": ""down"", ""use_case"": ""travel"", ""gender"": ""men"", ""price_max"": 1500}",5,0.025,,Canada Goose Women's Alliston Coat | Canada Goose Women's Cypress Vest Black Label | Canada Goose Women's Cypress Vest | Canada Goose Men's Crofton Puffer | Canada Goose Women's Cypress Jacket,Canada Goose Women's Alliston Coat,1095.0,jacket
37,I want a men's waterproof jacket under 900 dollars for rainy commuting.,baseline,"{""product_type"": ""jacket"", ""gender"": ""men"", ""price_max"": 900}",5,0.02,,Canada Goose Men's Rupert Rain Jacket Black Label | Canada Goose Men's Nanaimo Jacket | Canada Goose Men's Hybridge Knit Vest Black Label | Canada Goose Men's Hybridge Knit Vest | Canada Goose Men's Crofton Jacket,Canada Goose Men's Rupert Rain Jacket Black Label,750.0,jacket
38,I want a women's winter parka under 1800 dollars that is very warm.,baseline,"{""warmth_level"": ""high"", ""length"": ""long"", ""product_type"": ""parka"", ""gender"": ""men"", ""price_max"": 1800}",5,0.026,,Canada Goose Women's Shelburne Parka Black Label | Canada Goose Women's Shelburne Parka | Canada Goose Women's Shelburne Parka Heritage | Canada Goose Women's Montebello Parka Heritage | Canada Goose Men's Chateau Parka Heritage,Canada Goose Women's Shelburne Parka Black Label,1475.0,parka
39,I want a men's travel jacket under 1200 dollars that works for cold weather.,baseline,"{""use_case"": ""travel"", ""product_type"": ""jacket"", ""gender"": ""men"", ""price_max"": 1200}",5,0.024,,Canada Goose Men's Crofton Jacket | Canada Goose Men's Crofton Jacket Black Label | Canada Goose Men's Crofton Hoody | Canada Goose Men's Crofton Hoody Black Label | Canada Goose Women's Alliston Coat,Canada Goose Men's Crofton Jacket,895.0,jacket
40,I want a women's warm jacket under 900 dollars for everyday winter use.,baseline,"{""warmth_level"": ""medium"", ""use_case"": ""everyday"", ""product_type"": ""jacket"", ""gender"": ""men"", ""price_max"": 900}",5,0.022,,Canada Goose Women's Cypress Jacket | Canada Goose Women's Davie Jacket | Canada Goose Men's Lockeport Jacket | Canada Goose Women's Salida Jacket | Canada Goose Men's Nanaimo Jacket,Canada Goose Women's Cypress Jacket,895.0,jacket
41,I want a men's winter coat under 1600 dollars that is windproof and warm.,baseline,"{""warmth_level"": ""medium"", ""gender"": ""men"", ""price_max"": 1600}",5,0.024,,Canada Goose Women's Shelburne Parka Black Label | Canada Goose Women's Shelburne Parka | Canada Goose Men's Lodge Jacket Black Label | Canada Goose Men's Lodge Jacket - Updated | Canada Goose Men's Lodge Hoody Black Label - Updated,Canada Goose Women's Shelburne Parka Black Label,1475.0,parka
42,I want a women's waterproof rain jacket under 700 dollars for stormy weather.,baseline,"{""product_type"": ""jacket"", ""gender"": ""men"", ""price_max"": 700}",5,0.02,,Canada Goose Women's Salida Jacket | Canada Goose Men's Nanaimo Jacket | Canada Goose Women's Kenora Jacket | Canada Goose Women's Hybridge Knit Jacket | Canada Goose Men's Hybridge Knit Vest,Canada Goose Women's Salida Jacket,650.0,jacket
43,I want a men's insulated winter jacket under 1400 dollars for commuting.,baseline,"{""product_type"": ""jacket"", ""gender"": ""men"", ""price_max"": 1400}",5,0.025,,Canada Goose Men's Lodge Jacket - Updated | Canada Goose Men's Hybridge Knit Vest | Canada Goose Men's Hybridge Knit Vest Black Label | Canada Goose Men's Freestyle Vest PBI | Canada Goose Men's Lodge Hoody,Canada Goose Men's Lodge Jacket - Updated,825.0,jacket
44,I want a women's snow parka under 1900 dollars for cold outdoor activities.,baseline,"{""length"": ""long"", ""use_case"": ""hiking"", ""product_type"": ""parka"", ""gender"": ""men"", ""price_max"": 1900}",5,0.029,,Canada Goose Men's Wyndham Parka Heritage | Canada Goose Women's Montebello Parka Heritage | Canada Goose Men's Carson Parka Heritage | Canada Goose Men's Chateau Parka Heritage | Canada Goose Men's Chateau Parka Black Label Heritage,Canada Goose Men's Wyndham Parka Heritage,1675.0,parka
45,I want a men's down coat under 1500 dollars for very cold weather.,baseline,"{""insulation"": ""down"", ""gender"": ""men"", ""price_max"": 1500}",5,0.029,,Canada Goose Men's Garson Vest Wool | Canada Goose Women's Alliston Coat | Canada Goose Men's Crofton Jacket | Canada Goose Women's Cypress Vest | Canada Goose Women's Cypress Vest Black Label,Canada Goose Men's Garson Vest Wool,850.0,vest
46,I want a women's everyday winter jacket under 800 dollars that is warm.,baseline,"{""warmth_level"": ""medium"", ""use_case"": ""everyday"", ""product_type"": ""jacket"", ""gender"": ""men"", ""price_max"": 800}",5,0.023,,Canada Goose Men's Lockeport Jacket | Canada Goose Women's Davie Jacket | Canada Goose Women's Salida Jacket | Canada Goose Men's Nanaimo Jacket | Canada Goose Women's Cypress Jacket,Canada Goose Men's Lockeport Jacket,650.0,jacket
47,I want a men's waterproof shell jacket under 600 dollars for rainstorms.,baseline,"{""product_type"": ""jacket"", ""gender"": ""men"", ""price_max"": 600}",5,0.022,,Canada Goose Men's Nanaimo Jacket | Canada Goose Men's Hybridge Knit Vest | Canada Goose Men's Hybridge Knit Vest Black Label | Canada Goose Women's Davie Jacket | Canada Goose Women's Minden Jacket,Canada Goose Men's Nanaimo Jacket,575.0,jacket
48,I want a women's winter travel coat under 1300 dollars that is lightweight and warm.,baseline,"{""warmth_level"": ""low"", ""use_case"": ""travel"", ""gender"": ""men"", ""price_max"": 1300}",5,0.026,,Canada Goose Women's Alliston Coat | Canada Goose Women's Cypress Vest Black Label | Canada Goose Women's Cypress Vest | Canada Goose Women's Cypress Jacket | Canada Goose Men's Crofton Jacket,Canada Goose Women's Alliston Coat,1095.0,jacket
49,I want a men's warm jacket under 1200 dollars for winter hiking trips.,baseline,"{""warmth_level"": ""medium"", ""use_case"": ""hiking"", ""product_type"": ""jacket"", ""gender"": ""men"", ""price_max"": 1200}",5,0.023,,Canada Goose Men's Woolford Jacket | Canada Goose Women's Cypress Jacket | Canada Goose Women's Cypress Hooded Jacket Black Label | Canada Goose Women's Cypress Hooded Jacket | Canada Goose Men's Crofton Jacket,Canada Goose Men's Woolford Jacket,850.0,jacket
50,I want a women's down jacket under 1100 dollars for city winters.,baseline,"{""insulation"": ""down"", ""product_type"": ""jacket"", ""gender"": ""men"", ""price_max"": 1100}",5,0.022,,Canada Goose Women's Cypress Jacket | Canada Goose Women's Cypress Hooded Jacket | Canada Goose Women's Cypress Hooded Jacket Black Label | Canada Goose Men's Hybridge Knit Vest | Canada Goose Men's Hybridge Knit Vest Black Label,Canada Goose Women's Cypress Jacket,895.0,jacket
51,I want a men's windproof winter parka under 2000 dollars for harsh cold climates.,baseline,"{""length"": ""long"", ""product_type"": ""parka"", ""gender"": ""men"", ""price_max"": 2000}",5,0.025,,Canada Goose Men's Carson Parka | Canada Goose Men's Carson Parka Heritage | Canada Goose Men's Chateau Parka Heritage | Canada Goose Women's Montebello Parka Heritage | Canada Goose Men's Chateau Parka Black Label Heritage,Canada Goose Men's Carson Parka,1495.0,parka
52,I want a women's waterproof coat under 1000 dollars for rainy days.,baseline,"{""gender"": ""men"", ""price_max"": 1000}",5,0.0255,,Canada Goose Men's Rupert Rain Jacket Black Label | Canada Goose Women's Fairhaven 1/4-Zip Sweater | Canada Goose Men's Nanaimo Jacket | Canada Goose Men's Stormont 1/4 Zip Sweater | Canada Goose Women's Minden Jacket,Canada Goose Men's Rupert Rain Jacket Black Label,750.0,jacket
53,I want a men's winter jacket under 900 dollars for everyday commuting.,baseline,"{""use_case"": ""everyday"", ""product_type"": ""jacket"", ""gender"": ""men"", ""price_max"": 900}",5,0.024,,Canada Goose Women's Cypress Jacket | Canada Goose Women's Davie Jacket | Canada Goose Men's Lockeport Jacket | Canada Goose Men's Woolford Jacket | Canada Goose Women's Salida Jacket,Canada Goose Women's Cypress Jacket,895.0,jacket
54,I want a women's insulated jacket under 1200 dollars for winter travel.,baseline,"{""use_case"": ""travel"", ""product_type"": ""jacket"", ""gender"": ""men"", ""price_max"": 1200}",5,0.023,,Canada Goose Women's Cypress Jacket | Canada Goose Men's Crofton Puffer | Canada Goose Women's Hybridge Lite Jacket | Canada Goose Men's Crofton Jacket | Canada Goose Men's Crofton Jacket Black Label,Canada Goose Women's Cypress Jacket,895.0,jacket
55,I want a men's down parka under 1800 dollars for cold mountain weather.,baseline,"{""length"": ""long"", ""insulation"": ""down"", ""product_type"": ""parka"", ""gender"": ""men"", ""price_max"": 1800}",5,0.025,,Canada Goose Men's Chateau Parka Black Label Heritage | Canada Goose Men's MacMillan Parka Black Label | Canada Goose Men's MacMillan Parka Wool | Canada Goose Women's Shelburne Parka Tonal Label | Canada Goose Women's Shelburne Parka Black Label - Updated,Canada Goose Men's Chateau Parka Black Label Heritage,1775.0,parka
56,I want a women's winter coat under 1400 dollars that is stylish and warm.,baseline,"{""warmth_level"": ""medium"", ""gender"": ""men"", ""price_max"": 1400}",5,0.026,,Canada Goose Women's Clair Coat - Updated | Canada Goose Women's Marlow Coat | Canada Goose Women's Alliston Coat | Canada Goose Men's Lodge Jacket Black Label | Canada Goose Men's Lodge Jacket - Updated,Canada Goose Women's Clair Coat - Updated,1050.0,jacket
57,I want a men's waterproof winter jacket under 1000 dollars for rainy snow.,baseline,"{""product_type"": ""jacket"", ""gender"": ""men"", ""price_max"": 1000}",5,0.023,,Canada Goose Men's Rupert Rain Jacket Black Label | Canada Goose Men's Nanaimo Jacket | Canada Goose Men's Lodge Jacket - Updated | Canada Goose Women's Cypress Hoody | Canada Goose Men's Lodge Jacket Black Label,Canada Goose Men's Rupert Rain Jacket Black Label,750.0,jacket
58,I want a women's lightweight winter jacket under 800 dollars for casual wear.,baseline,"{""warmth_level"": ""low"", ""use_case"": ""everyday"", ""product_type"": ""jacket"", ""gender"": ""men"", ""price_max"": 800}",5,0.022,,Canada Goose Women's Salida Jacket | Canada Goose Men's Nanaimo Jacket | Canada Goose Women's Davie Jacket | Canada Goose Men's Lockeport Jacket | Canada Goose Women's Cypress Jacket,Canada Goose Women's Salida Jacket,650.0,jacket
59,I want a men's snow jacket under 1700 dollars that is windproof and warm.,baseline,"{""warmth_level"": ""medium"", ""product_type"": ""jacket"", ""gender"": ""men"", ""price_max"": 1700}",5,0.023,,Canada Goose Men's Lodge Jacket Black Label | Canada Goose Men's Lodge Jacket - Updated | Canada Goose Men's Lodge Hoody | Canada Goose Men's Crofton Jacket | Canada Goose Men's Crofton Jacket Black Label,Canada Goose Men's Lodge Jacket Black Label,825.0,jacket
60,I want a women's warm coat under 1500 dollars for work commuting.,baseline,"{""warmth_level"": ""medium"", ""gender"": ""men"", ""price_max"": 1500}",5,0.026,,Canada Goose Women's Shelburne Parka Black Label | Canada Goose Women's Shelburne Parka | Canada Goose Women's Clair Coat - Updated | Canada Goose Women's Marlow Coat | Canada Goose Women's Alliston Coat,Canada Goose Women's Shelburne Parka Black Label,1475.0,parka
61,I want a men's insulated jacket under 1200 dollars for winter walking.,baseline,"{""product_type"": ""jacket"", ""gender"": ""men"", ""price_max"": 1200}",5,0.022,,Canada Goose Men's Lodge Jacket - Updated | Canada Goose Men's Hybridge Knit Vest | Canada Goose Men's Hybridge Knit Vest Black Label | Canada Goose Men's Freestyle Vest PBI | Canada Goose Men's Lodge Hoody,Canada Goose Men's Lodge Jacket - Updated,825.0,jacket
62,I want a women's winter parka under 2000 dollars for very cold climates.,baseline,"{""length"": ""long"", ""product_type"": ""parka"", ""gender"": ""men"", ""price_max"": 2000}",5,0.024,,Canada Goose Women's Shelburne Parka Black Label - Updated | Canada Goose Women's Shelburne Parka Tonal Label | Canada Goose Women's Montebello Parka Heritage | Canada Goose Men's Carson Parka | Canada Goose Men's Chateau Parka Heritage,Canada Goose Women's Shelburne Parka Black Label - Updated,1475.0,parka
63,I want a men's waterproof rain jacket under 700 dollars for heavy storms.,baseline,"{""product_type"": ""jacket"", ""gender"": ""men"", ""price_max"": 700}",5,0.02,,Canada Goose Men's Nanaimo Jacket | Canada Goose Women's Salida Jacket | Canada Goose Women's Kenora Jacket | Canada Goose Men's Hybridge Knit Vest | Canada Goose Men's Hybridge Knit Vest Black Label,Canada Goose Men's Nanaimo Jacket,575.0,jacket
64,I want a women's down coat under 1300 dollars for winter travel.,baseline,"{""insulation"": ""down"", ""use_case"": ""travel"", ""gender"": ""men"", ""price_max"": 1300}",5,0.027,,Canada Goose Women's Alliston Coat | Canada Goose Women's Cypress Vest Black Label | Canada Goose Women's Cypress Vest | Canada Goose Women's Cypress Jacket | Canada Goose Men's Crofton Puffer,Canada Goose Women's Alliston Coat,1095.0,jacket
65,I want a men's windproof winter coat under 1600 dollars for daily use.,baseline,"{""use_case"": ""everyday"", ""gender"": ""men"", ""price_max"": 1600}",5,0.027,,Canada Goose Women's Montebello Parka Heritage | Canada Goose Men's Chilliwack Bomber Heritage | Canada Goose Women's Elmwood Parka | Canada Goose Women's Lorette Parka Black Label | Canada Goose Men's Chateau Parka Heritage,Canada Goose Women's Montebello Parka Heritage,1495.0,parka
66,I want a women's rainproof jacket under 900 dollars for commuting.,baseline,"{""product_type"": ""jacket"", ""gender"": ""men"", ""price_max"": 900}",5,0.025,,Canada Goose Women's Cypress Jacket | Canada Goose Women's Davie Jacket | Canada Goose Men's Rupert Rain Jacket Black Label | Canada Goose Men's Hybridge Knit Vest | Canada Goose Men's Hybridge Knit Vest Black Label,Canada Goose Women's Cypress Jacket,895.0,jacket
67,I want a men's warm parka under 1800 dollars for snowy environments.,baseline,"{""warmth_level"": ""medium"", ""length"": ""long"", ""product_type"": ""parka"", ""gender"": ""men"", ""price_max"": 1800}",5,0.03,,Canada Goose Women's Shelburne Parka | Canada Goose Women's Shelburne Parka Black Label | Canada Goose Women's Shelburne Parka Heritage | Canada Goose Women's Lorette Parka Notched Brim | Canada Goose Men's MacMillan Parka Black Label,Canada Goose Women's Shelburne Parka,1475.0,parka
68,I want a women's everyday winter jacket under 1000 dollars for city life.,baseline,"{""use_case"": ""everyday"", ""product_type"": ""jacket"", ""gender"": ""men"", ""price_max"": 1000}",5,0.023,,Canada Goose Women's Cypress Jacket | Canada Goose Women's Davie Jacket | Canada Goose Men's Lockeport Jacket | Canada Goose Men's Woolford Jacket | Canada Goose Women's Salida Jacket,Canada Goose Women's Cypress Jacket,895.0,jacket
69,I want a men's waterproof jacket under 800 dollars for biking in rain.,baseline,"{""product_type"": ""jacket"", ""gender"": ""men"", ""price_max"": 800}",5,0.023,,Canada Goose Men's Rupert Rain Jacket Black Label | Canada Goose Men's Nanaimo Jacket | Canada Goose Women's Kenora Jacket | Canada Goose Women's Salida Jacket | Canada Goose Men's Hybridge Knit Vest,Canada Goose Men's Rupert Rain Jacket Black Label,750.0,jacket
70,I want a women's insulated winter coat under 1400 dollars for cold weather.,baseline,"{""gender"": ""men"", ""price_max"": 1400}",5,0.025,,Canada Goose Men's Lodge Jacket - Updated | Canada Goose Women's Alliston Coat | Canada Goose Men's Garson Vest Black Label | Canada Goose Men's Lodge Hoody | Canada Goose Men's Freestyle Vest PBI,Canada Goose Men's Lodge Jacket - Updated,825.0,jacket
71,I want a men's down winter coat under 1500 dollars for extremely cold conditions.,baseline,"{""insulation"": ""down"", ""gender"": ""men"", ""price_max"": 1500}",5,0.027,,Canada Goose Men's Garson Vest Wool | Canada Goose Men's Lodge Jacket - Updated | Canada Goose Women's Alliston Coat | Canada Goose Men's Garson Vest Black Label CR | Canada Goose Men's Carson Parka,Canada Goose Men's Garson Vest Wool,850.0,vest
72,I want a women's warm travel jacket under 1200 dollars for winter vacations.,baseline,"{""warmth_level"": ""medium"", ""use_case"": ""travel"", ""product_type"": ""jacket"", ""gender"": ""men"", ""price_max"": 1200}",5,0.027,,Canada Goose Women's Hybridge Lite Jacket | Canada Goose Women's Cypress Jacket | Canada Goose Men's Crofton Jacket | Canada Goose Men's Crofton Jacket Black Label | Canada Goose Women's Ellison Jacket,Canada Goose Women's Hybridge Lite Jacket,750.0,jacket
73,I want a men's winter jacket under 1000 dollars that is windproof.,baseline,"{""product_type"": ""jacket"", ""gender"": ""men"", ""price_max"": 1000}",5,0.026,,Canada Goose Men's Lodge Jacket - Updated | Canada Goose Men's Lodge Jacket Black Label | Canada Goose Men's Lodge Hoody | Canada Goose Men's Hybridge Knit Vest | Canada Goose Men's Hybridge Knit Vest Black Label,Canada Goose Men's Lodge Jacket - Updated,825.0,jacket
74,I want a women's snow parka under 1800 dollars for outdoor winter activities.,baseline,"{""length"": ""long"", ""use_case"": ""hiking"", ""product_type"": ""parka"", ""gender"": ""men"", ""price_max"": 1800}",5,0.032,,Canada Goose Men's Wyndham Parka Heritage | Canada Goose Women's Montebello Parka Heritage | Canada Goose Men's Carson Parka Heritage | Canada Goose Men's Chateau Parka Heritage | Canada Goose Men's Chateau Parka Black Label Heritage,Canada Goose Men's Wyndham Parka Heritage,1675.0,parka
75,I want a men's waterproof winter jacket under 1200 dollars for commuting.,baseline,"{""product_type"": ""jacket"", ""gender"": ""men"", ""price_max"": 1200}",5,0.03,,Canada Goose Men's Rupert Rain Jacket Black Label | Canada Goose Men's Nanaimo Jacket | Canada Goose Men's Lodge Jacket - Updated | Canada Goose Men's Lodge Jacket Black Label | Canada Goose Men's Crofton Puffer,Canada Goose Men's Rupert Rain Jacket Black Label,750.0,jacket
76,I want a women's warm coat under 1500 dollars for everyday winter wear.,baseline,"{""warmth_level"": ""medium"", ""use_case"": ""everyday"", ""gender"": ""men"", ""price_max"": 1500}",5,0.043,,Canada Goose Women's Montebello Parka Heritage | Canada Goose Women's Lorette Parka Black Label | Canada Goose Women's Elmwood Parka | Canada Goose Women's Rossclair Parka Print | Canada Goose Men's Chilliwack Bomber Heritage,Canada Goose Women's Montebello Parka Heritage,1495.0,parka
77,I want a men's down jacket under 900 dollars for cold mornings.,baseline,"{""insulation"": ""down"", ""product_type"": ""jacket"", ""gender"": ""men"", ""price_max"": 900}",5,0.029,,Canada Goose Men's Crofton Jacket | Canada Goose Men's Lodge Jacket - Updated | Canada Goose Men's Freestyle Vest PBI | Canada Goose Men's Hybridge Jacket | Canada Goose Men's Lodge Hoody,Canada Goose Men's Crofton Jacket,895.0,jacket
78,I want a women's winter jacket under 1100 dollars that is waterproof.,baseline,"{""product_type"": ""jacket"", ""gender"": ""men"", ""price_max"": 1100}",5,0.025,,Canada Goose Men's Nanaimo Jacket | Canada Goose Men's Rupert Rain Jacket Black Label | Canada Goose Men's Lodge Jacket - Updated | Canada Goose Men's Lodge Jacket Black Label | Canada Goose Women's Cypress Jacket,Canada Goose Men's Nanaimo Jacket,575.0,jacket
79,I want a men's windproof parka under 1700 dollars for snowy weather.,baseline,"{""length"": ""long"", ""product_type"": ""parka"", ""gender"": ""men"", ""price_max"": 1700}",5,0.025,,Canada Goose Men's MacMillan Parka Wool | Canada Goose Men's MacMillan Parka Black Label | Canada Goose Women's Chelsea Parka Heritage | Canada Goose Women's Lorette Parka Notched Brim | Canada Goose Women's Shelburne Parka Tonal Label,Canada Goose Men's MacMillan Parka Wool,1425.0,parka
80,I want a women's insulated coat under 1400 dollars for commuting to work.,baseline,"{""gender"": ""men"", ""price_max"": 1400}",5,0.024,,Canada Goose Women's Clair Coat - Updated | Canada Goose Women's Marlow Coat | Canada Goose Women's Davie Jacket | Canada Goose Women's Alliston Coat | Canada Goose Women's Freestyle Vest Black Label,Canada Goose Women's Clair Coat - Updated,1050.0,jacket
81,I want a men's rain jacket under 700 dollars for wet weather cycling.,baseline,"{""product_type"": ""jacket"", ""gender"": ""men"", ""price_max"": 700}",5,0.02,,Canada Goose Women's Salida Jacket | Canada Goose Men's Nanaimo Jacket | Canada Goose Women's Kenora Jacket | Canada Goose Men's Hybridge Knit Vest | Canada Goose Men's Hybridge Knit Vest Black Label,Canada Goose Women's Salida Jacket,650.0,jacket
82,I want a women's warm winter coat under 1600 dollars for extreme cold.,baseline,"{""warmth_level"": ""high"", ""use_case"": ""extreme_cold"", ""gender"": ""men"", ""price_max"": 1600}",5,0.034,,Canada Goose Men's Lodge Jacket - Updated | Canada Goose Men's Garson Vest Black Label CR | Canada Goose Men's Freestyle Crew Vest CR | Canada Goose Women's Montebello Parka Heritage | Canada Goose Women's Shelburne Parka Tonal Label,Canada Goose Men's Lodge Jacket - Updated,825.0,jacket
83,I want a men's winter coat under 1200 dollars that is durable.,baseline,"{""gender"": ""men"", ""price_max"": 1200}",5,0.023,,Canada Goose Women's Alliston Coat | Canada Goose Men's Garson Vest Black Label CR | Canada Goose Men's Lodge Jacket - Updated | Canada Goose Men's Freestyle Crew Vest CR | Canada Goose Women's Clair Coat - Updated,Canada Goose Women's Alliston Coat,1095.0,jacket
84,I want a women's down jacket under 1000 dollars for casual winter wear.,baseline,"{""insulation"": ""down"", ""use_case"": ""everyday"", ""product_type"": ""jacket"", ""gender"": ""men"", ""price_max"": 1000}",5,0.024,,Canada Goose Women's Cypress Jacket | Canada Goose Women's Salida Jacket | Canada Goose Men's Nanaimo Jacket | Canada Goose Men's Crofton Puffer | Canada Goose Women's Cypress Hooded Jacket,Canada Goose Women's Cypress Jacket,895.0,jacket
85,I want a men's waterproof winter coat under 1500 dollars for commuting.,baseline,"{""gender"": ""men"", ""price_max"": 1500}",5,0.023,,Canada Goose Men's Rupert Rain Jacket Black Label | Canada Goose Men's Nanaimo Jacket | Canada Goose Women's Clair Coat - Updated | Canada Goose Women's Marlow Coat | Canada Goose Men's Lodge Jacket - Updated,Canada Goose Men's Rupert Rain Jacket Black Label,750.0,jacket
86,I want a women's snow jacket under 1800 dollars for winter sports.,baseline,"{""product_type"": ""jacket"", ""gender"": ""men"", ""price_max"": 1800}",5,0.026,,Canada Goose Women's Cypress Hoody | Canada Goose Men's Lodge Jacket - Updated | Canada Goose Men's Lodge Jacket Black Label | Canada Goose Men's Crofton Puffer | Canada Goose Women's Cypress Jacket,Canada Goose Women's Cypress Hoody,950.0,jacket
87,I want a men's insulated parka under 2000 dollars for very cold temperatures.,baseline,"{""length"": ""long"", ""product_type"": ""parka"", ""gender"": ""men"", ""price_max"": 2000}",5,0.026,,Canada Goose Women's Lorette Parka Notched Brim | Canada Goose Men's Wyndham Parka Black Label - Updated | Canada Goose Men's Wyndham Parka - Updated | Canada Goose Men's Carson Parka | Canada Goose Women's Lorette Parka Black Label,Canada Goose Women's Lorette Parka Notched Brim,1195.0,parka
88,I want a women's rain jacket under 900 dollars for stormy weather.,baseline,"{""product_type"": ""jacket"", ""gender"": ""men"", ""price_max"": 900}",5,0.026,,Canada Goose Men's Crofton Jacket | Canada Goose Women's Salida Jacket | Canada Goose Men's Rupert Rain Jacket Black Label | Canada Goose Women's Kenora Jacket | Canada Goose Men's Crofton Jacket Black Label,Canada Goose Men's Crofton Jacket,895.0,jacket
89,I want a men's winter jacket under 1000 dollars for everyday wear.,baseline,"{""use_case"": ""everyday"", ""product_type"": ""jacket"", ""gender"": ""men"", ""price_max"": 1000}",5,0.029,,Canada Goose Women's Davie Jacket | Canada Goose Women's Cypress Jacket | Canada Goose Men's Lockeport Jacket | Canada Goose Men's Woolford Jacket | Canada Goose Women's Salida Jacket,Canada Goose Women's Davie Jacket,595.0,jacket
90,I want a women's warm parka under 1700 dollars for cold climates.,baseline,"{""warmth_level"": ""medium"", ""length"": ""long"", ""product_type"": ""parka"", ""gender"": ""men"", ""price_max"": 1700}",5,0.025,,Canada Goose Women's Shelburne Parka | Canada Goose Women's Shelburne Parka Black Label | Canada Goose Women's Shelburne Parka Heritage | Canada Goose Women's Shelburne Parka Tonal Label | Canada Goose Men's Carson Parka,Canada Goose Women's Shelburne Parka,1475.0,parka
91,I want a men's waterproof jacket under 800 dollars for rainy days.,baseline,"{""product_type"": ""jacket"", ""gender"": ""men"", ""price_max"": 800}",5,0.025,,Canada Goose Men's Rupert Rain Jacket Black Label | Canada Goose Men's Nanaimo Jacket | Canada Goose Men's Hybridge Knit Vest Black Label | Canada Goose Men's Hybridge Knit Vest | Canada Goose Women's Minden Jacket,Canada Goose Men's Rupert Rain Jacket Black Label,750.0,jacket
92,I want a women's winter coat under 1300 dollars for travel.,baseline,"{""use_case"": ""travel"", ""gender"": ""men"", ""price_max"": 1300}",5,0.028,,Canada Goose Women's Alliston Coat | Canada Goose Women's Cypress Vest Black Label | Canada Goose Women's Cypress Vest | Canada Goose Men's Crofton Puffer | Canada Goose Women's Hybridge Lite Vest,Canada Goose Women's Alliston Coat,1095.0,jacket
93,I want a men's windproof winter coat under 1600 dollars for commuting.,baseline,"{""gender"": ""men"", ""price_max"": 1600}",5,0.03,,Canada Goose Men's Lodge Jacket - Updated | Canada Goose Men's Lodge Jacket Black Label | Canada Goose Men's Garson Vest Wool | Canada Goose Men's Lodge Hoody | Canada Goose Women's Clair Coat - Updated,Canada Goose Men's Lodge Jacket - Updated,825.0,jacket
94,I want a women's down parka under 1900 dollars for very cold winters.,baseline,"{""length"": ""long"", ""insulation"": ""down"", ""product_type"": ""parka"", ""gender"": ""men"", ""price_max"": 1900}",5,0.038,,Canada Goose Women's Lorette Parka Notched Brim | Canada Goose Women's Shelburne Parka Black Label - Updated | Canada Goose Women's Shelburne Parka Tonal Label | Canada Goose Women's Rossclair Parka Heritage | Canada Goose Men's Carson Parka,Canada Goose Women's Lorette Parka Notched Brim,1195.0,parka
